{"cameraMode":{"drawMode":0,"name":"Shaded","section":"Shading Mode"},"sceneLighting":true,"audioPlay":false,"sceneViewState":{"m_AlwaysRefresh":false,"showFog":true,"showSkybox":true,"showFlares":true,"showImageEffects":true,"showParticleSystems":true,"showVisualEffectGraphs":true,"m_FxEnabled":true},"in2DMode":false,"pivot":{"x":1.4564939737319947,"y":11.606273651123047,"z":-4.443402290344238},"rotation":{"x":0.4448636770248413,"y":-0.12422855198383331,"z":0.062463827431201938,"w":0.8847450017929077},"size":13.847967147827149,"orthographic":false}