{"cameraMode":{"drawMode":0,"name":"Shaded","section":"Shading Mode"},"sceneLighting":true,"audioPlay":false,"sceneViewState":{"m_AlwaysRefresh":false,"showFog":true,"showSkybox":true,"showFlares":true,"showImageEffects":true,"showParticleSystems":true,"showVisualEffectGraphs":true,"m_FxEnabled":true},"in2DMode":false,"pivot":{"x":-3.275700569152832,"y":4.133543968200684,"z":2.5390820503234865},"rotation":{"x":0.35669252276420596,"y":-0.4331177771091461,"z":0.19186240434646607,"w":0.8052131533622742},"size":13.625467300415039,"orthographic":false}