{"cameraMode":{"drawMode":0,"name":"Shaded","section":"Shading Mode"},"sceneLighting":true,"audioPlay":false,"sceneViewState":{"m_AlwaysRefresh":false,"showFog":true,"showSkybox":true,"showFlares":true,"showImageEffects":true,"showParticleSystems":true,"showVisualEffectGraphs":true,"m_FxEnabled":true},"in2DMode":false,"pivot":{"x":-23.139480590820314,"y":-15.187980651855469,"z":2.2136096954345705},"rotation":{"x":0.3320043385028839,"y":-0.3224027156829834,"z":0.12190573662519455,"w":0.8780480027198792},"size":28.585777282714845,"orthographic":false}