{"cameraMode":{"drawMode":0,"name":"Shaded","section":"Shading Mode"},"sceneLighting":true,"audioPlay":false,"sceneViewState":{"m_AlwaysRefresh":false,"showFog":true,"showSkybox":true,"showFlares":true,"showImageEffects":true,"showParticleSystems":true,"showVisualEffectGraphs":true,"m_FxEnabled":true},"in2DMode":false,"pivot":{"x":11.63932991027832,"y":-10.837547302246094,"z":21.695802688598634},"rotation":{"x":0.31224343180656435,"y":0.23820897936820985,"z":-0.08119156211614609,"w":0.916071891784668},"size":41.82622146606445,"orthographic":false}